-1,2.854673658,7.528181304
-1,0.038163612,8.214259869
-1,0.880455773,7.126595592
-1,-0.528698947,8.109383634
-1,0.048999495,7.067529368
-1,0.15190356,4.73680906
-1,0.118038224,7.363581099
-1,0.538760069,8.410312585
-1,1.872246939,6.686841371
-1,2.455696813,6.612815196
-1,1.088446661,9.040390723
-1,2.263486967,7.480366039
-1,1.89554281,6.70642301
-1,0.300226675,6.734679919
-1,0.726144426,8.704698412
-1,0.766849989,7.026232779
-1,-0.031974796,7.133690524
-1,0.50861916,7.340822485
-1,1.479265193,7.078656927
-1,1.430346456,9.111774852
-1,1.200275292,7.269462221
-1,-1.258506672,5.988847115
-1,1.080920774,6.908823852
-1,0.536043444,7.331035449
-1,0.728286832,8.323474322
-1,-1.89788203,6.947786896
-1,1.374506974,5.904755672
-1,-0.027315559,7.094878238
-1,-0.137329998,8.960229461
-1,2.703344508,8.337972104
-1,0.252551927,7.73558917
-1,0.489983649,5.272985436
-1,-0.295078844,5.985961179
-1,-0.851965233,6.585806841
-1,0.85736734,9.723391267
-1,-0.160654945,3.977174347
-1,0.064089345,7.193501806
-1,1.47497587,7.777962019
-1,1.037452166,6.27144007
-1,2.301884379,7.880549529
-1,-1.307495259,6.087449729
-1,0.997307943,9.38119425
-1,1.759071311,8.100174018
-1,-0.493664702,5.884387647
-1,1.495983597,7.82162766
-1,-2.290802076,6.707281573
-1,1.236370881,7.240482955
-1,1.907747064,7.396714645
-1,0.420957003,7.27750361
-1,-0.45898978,7.176403888
-1,-0.207489084,7.488791598
-1,1.402352354,6.974040298
-1,-0.16814447,6.424548919
-1,-0.098122255,5.965094897
-1,1.822124614,4.011110577
-1,1.11322006,6.57023571
-1,1.849211112,8.559823618
-1,-0.029889875,7.499479107
-1,2.934434451,6.523745833
-1,0.291196466,7.188280579
-1,-1.424936054,7.017160533
-1,3.278217337,8.359425119
-1,0.284691687,7.539150538
-1,0.258457349,7.886014646
-1,-0.388943336,6.913185935
-1,2.202626638,7.460328634
-1,3.267827269,6.397398538
-1,0.370799025,8.492456982
-1,-1.017898394,6.002141163
-1,0.873124009,6.13198732
-1,-0.986427694,7.034312002
-1,2.227071527,8.172108792
-1,0.834060847,10.01016819
-1,0.3517808,7.311684312
-1,0.953256676,5.212223623
-1,-0.313528399,6.018003915
-1,1.132874531,9.324671701
-1,-0.439497053,8.026607684
-1,-0.871763041,7.826108485
-1,0.35622772,7.167626754
-1,0.184062174,7.263303269
-1,3.416641848,7.309662178
-1,1.048787162,6.728972658
-1,0.014644589,6.890685763
-1,0.747853628,5.476483493
-1,0.419264288,6.532202242
-1,0.594218036,8.484110585
-1,2.499582479,8.868479636
-1,1.114780389,7.767500356
-1,0.910212912,5.702905473
-1,1.079318463,7.15331058
-1,-1.383026101,7.791633834
-1,-0.498887603,5.968450569
-1,-0.872570236,6.949903327
-1,1.260464051,6.141173071
-1,1.394943392,5.358426133
-1,0.165046822,6.008789642
-1,-0.269481661,6.968753296
-1,-0.288896517,6.5000006
-1,-0.293420489,7.609208114
-1,-0.776200541,7.95433938
-1,1.269702334,8.21742753
-1,0.306669936,6.37656136
-1,2.056946541,7.790787495
-1,-1.407698874,6.992553244
-1,1.322283788,10.37737471
-1,0.001252764,6.5139035
-1,2.337843762,8.10285972
-1,1.015864109,8.342431393
-1,-1.264637249,6.317959051
-1,-0.713568224,7.525544497
-1,0.406065228,7.396118599
-1,-0.701710524,8.806751575
-1,0.506986617,4.56263253
-1,-0.222549334,7.375769201
-1,-0.218529512,6.879715365
-1,0.437420968,9.109840612
-1,-0.150107226,8.327185642
-1,-0.716320646,6.295717321
-1,1.243925071,9.29385249
-1,-0.801046772,6.970041431
-1,-0.30708321,5.843129475
-1,2.297287137,7.771523087
-1,-2.074531658,5.035657668
-1,0.317501508,7.068458362
-1,0.086472601,8.670625975
-1,0.543827446,8.229729137
-1,-0.870384902,6.101129111
-1,0.516649961,6.135567091
-1,2.511164057,6.749929744
-1,-1.153522535,4.727821797
-1,-0.66022134,8.139568381
-1,-0.071854365,9.555213037
-1,0.516763903,7.310962537
-1,0.489390659,7.088792627
-1,-0.115310731,7.274901145
-1,1.747839851,8.114773082
-1,-1.405506628,7.994149928
-1,-1.420205954,8.815491456
-1,-1.011902059,6.668872084
-1,-1.139064188,6.414447562
-1,1.01204394,6.208037375
-1,-0.546043666,7.458549226
-1,-0.226232623,7.514460012
-1,0.641856968,5.634315312
-1,0.165344791,8.27544136
-1,-0.69365924,7.953505847
-1,1.590409229,7.172321202
-1,1.051137151,5.940141855
-1,0.303930901,5.487047019
-1,1.234733645,8.31947953
-1,-1.242794533,6.553019048
-1,2.818942885,6.291932659
-1,-1.809377136,6.779893301
-1,1.647258177,9.132665582
-1,1.013610599,8.039037348
-1,-1.190094408,8.533670916
-1,0.245851097,7.769821677
-1,0.386554857,7.487782859
-1,-1.817679586,6.599139888
-1,0.075478197,8.21447873
-1,0.370523194,5.596231786
-1,0.282940182,6.826464087
-1,-0.150428923,7.684124284
-1,1.346102654,6.176862516
-1,-0.065806116,7.963668904
-1,-0.043723639,6.236520712
-1,-0.365849046,8.299512556
-1,-0.602432701,7.71098712
-1,-1.622922719,6.780270487
-1,-0.571707387,5.536722019
-1,1.592700864,8.245932986
-1,-1.084749965,5.876303767
-1,-0.233037081,6.106080837
-1,1.7142453,7.277572877
-1,0.869383875,7.262519794
-1,-1.539932709,6.981361075
-1,-1.009803091,7.785608759
-1,0.707447398,6.61441416
-1,-2.613428805,8.007705328
-1,0.55988814,7.428564713
-1,-0.897161372,5.677370937
-1,-2.827531425,9.328817832
-1,0.509113961,8.124418091
-1,1.166372749,7.944754325
-1,0.827632175,9.686429403
-1,1.274186507,9.070793167
-1,-0.15364325,3.721147077
-1,0.131078878,6.121963379
-1,-0.414344868,6.563594216
-1,0.055324999,6.900019944
-1,-1.28217478,5.203833571
-1,-0.997721072,6.827224861
-1,0.497919682,5.692399573
-1,1.19920951,9.69162269
-1,-0.650746006,7.424832438
-1,1.73234439,6.938975421
-1,0.361555976,5.691141123
-1,-0.027742476,8.100817213
-1,-0.221373175,7.716606488
-1,0.603790686,8.564583841
-1,-0.896018391,8.437546785
-1,2.475744113,5.566694308
-1,-1.107501521,7.177442894
-1,-0.765177756,6.455282564
-1,-2.051047632,8.926264127
-1,0.079667607,6.999056786
-1,-0.467095051,8.501864504
-1,-0.916596182,7.45671452
-1,-1.505865221,6.67580578
-1,-0.005561587,5.426411517
-1,1.469872514,8.164881147
-1,1.058238995,8.939848049
-1,1.083695388,7.688640035
-1,0.097496149,7.987435092
-1,-1.893568551,7.278040866
-1,0.922845284,7.179531385
-1,0.549036486,8.710242691
-1,0.134842739,9.202928632
-1,-2.050096373,6.036923151
-1,0.271848876,8.532669744
-1,-0.436091286,6.134981522
-1,0.715628412,7.583005936
-1,-0.588882504,6.227786653
-1,1.718824351,7.399910828
-1,2.036147634,4.661510757
-1,-1.29002583,7.2900753
-1,1.469318377,7.034182199
-1,0.377503056,6.305027055
-1,-1.926523692,7.593033952
-1,-1.834131981,6.860814756
-1,-1.515799522,6.505873171
-1,1.858316828,6.201104261
-1,0.184419532,6.292953622
-1,0.710362947,7.221776177
-1,-2.367079724,7.709062775
-1,-0.834477687,6.042429595
-1,-1.028385814,6.814412191
-1,-0.458672075,6.412576186
-1,0.279489504,7.915472961
-1,-0.823867231,8.670614334
-1,0.27093467,8.368915878
-1,-1.190830735,8.232674445
-1,0.363912986,6.401268765
-1,-0.337239508,7.014520816
-1,-0.586125752,8.091469645
-1,0.282912333,6.208528648
-1,1.97916248,5.506756133
-1,-0.632470474,7.092190208
-1,0.692619142,5.812915624
-1,-0.026539817,6.55221811
-1,0.267394207,4.496527545
-1,0.772451167,6.337074446
-1,-0.987878157,7.163402042
-1,0.9314606,5.058633396
-1,-0.40438772,5.489197792
-1,-0.283247191,6.216876791
-1,-0.958530436,7.97758752
-1,-1.225849555,6.576346932
-1,-2.221785689,7.202194538
-1,0.414027891,7.292163209
-1,0.978147218,6.346781738
-1,0.558638203,6.277993671
-1,-0.398114425,6.592851714
-1,-0.555503539,7.153195911
-1,1.696041872,6.667822599
-1,-1.226897875,6.972600822
-1,0.771812993,6.044403417
-1,-0.429953107,9.526165668
-1,1.090461665,6.471495726
-1,2.093552757,8.2350499
-1,-0.512155602,8.112783544
-1,-1.195258883,7.667150348
-1,0.566509916,8.028010488
-1,0.608148111,8.453599876
-1,1.242015132,7.237229729
-1,0.231196591,8.027745644
-1,-0.393994196,4.926865804
-1,-0.504660529,5.625479971
-1,0.315495163,10.10962646
-1,0.078448402,4.796556314
-1,-2.475121873,8.534080698
-1,-1.348765945,7.566880086
-1,-1.700584398,7.682653377
-1,-2.636635036,7.08363892
-1,-1.145995629,7.992349565
-1,1.371050021,6.24299224
-1,0.40759438,6.122817285
-1,-0.692692047,9.198161424
-1,1.21814759,7.682942669
-1,-1.179290412,6.86698535
-1,1.253228402,5.692675477
-1,-1.958422945,5.090662162
-1,-1.120131928,4.024851369
-1,0.606677277,7.099226932
-1,1.446053648,6.296482752
-1,0.256061485,7.141890237
-1,0.409817476,5.926381564
-1,0.763619173,7.243694854
-1,-0.233963783,5.909520551
-1,1.154674173,6.890852819
-1,-2.711346606,7.838928723
-1,-0.021259468,5.995273241
-1,0.110692918,8.125683526
-1,-0.351348281,4.953391617
-1,-1.210631381,7.593946066
-1,-0.478731781,6.338526146
-1,1.22720332,8.790702559
-1,1.34414382,7.182060508
-1,-1.203705324,4.92029998
-1,-1.709860808,8.940530824
-1,-1.324848708,7.313996903
-1,0.920950479,7.368918159
-1,-1.23942722,6.362852291
-1,0.192068219,5.860437523
-1,-0.314223798,9.465010953
-1,0.344590044,7.109148428
-1,-0.095193955,7.245581364
-1,-0.963713464,4.84040007
-1,0.171716292,6.386634777
-1,0.73871066,7.233842043
-1,0.94196148,6.39359816
-1,-1.16971707,7.561425446
-1,1.148497613,7.964367978
-1,0.23998753,6.265392294
-1,1.301474986,7.613751222
-1,1.364589843,7.097179769
-1,-3.69284302,7.895208546
-1,0.646259505,6.638537743
-1,0.477025897,5.781413638
-1,0.231789127,6.80884521
-1,-1.377904555,7.621431141
-1,0.232122657,7.02214078
-1,-0.490212988,7.835963042
-1,-2.322163782,5.54718019
-1,-0.381837053,4.544552939
-1,1.387585799,6.297387299
-1,-0.5261162,6.111161201
-1,-0.8833217,7.162265247
-1,-1.636981615,5.384454271
-1,0.91807844,7.129466394
-1,0.101427195,5.140340072
-1,-1.634818182,7.045988459
-1,-2.010642493,5.583352176
-1,1.08224107,6.861522561
-1,0.055798455,6.938611041
-1,2.332791482,6.248551654
-1,1.161950277,6.809018669
-1,-0.573682919,6.726727588
-1,0.08035141,4.628747702
-1,-1.480405335,6.302751717
-1,0.226645479,5.385971745
-1,-1.50695123,6.650285213
-1,0.219087942,6.51786977
-1,0.418681484,7.491947617
-1,1.081926966,7.414629799
-1,-0.029852254,6.796394009
-1,-0.197100999,7.237087702
-1,-1.73181601,8.210391388
-1,1.029954146,6.260629161
-1,-0.474176632,6.592092686
-1,-1.318373543,9.048226057
-1,2.879319945,7.882594946
-1,-2.627849462,7.637712406
-1,2.061424893,6.271931925
-1,1.287694176,5.747667165
-1,0.397418044,7.350438973
-1,2.073914802,4.471361754
-1,-1.985674171,6.743103731
-1,2.337612241,5.660427269
-1,0.414117276,7.334017428
-1,1.968480938,6.776520167
-1,2.300910273,7.388899685
-1,-0.386038482,7.206036244
-1,-2.227642544,6.950224051
-1,-0.185249464,5.700257607
-1,-0.330059447,7.102122181
-1,-0.172568343,6.079862942
-1,-0.638407,6.25925546
-1,1.11723275,6.283079856
-1,-0.352364877,5.028714659
-1,0.190094579,5.251278053
-1,-2.746363753,5.261205952
-1,-0.594745834,6.528630038
-1,0.838444103,5.978331319
-1,0.029877394,8.275056607
-1,-1.747206552,7.144010742
-1,-0.972307971,9.088921361
-1,-1.084468022,6.782792043
-1,-0.661679223,6.040705484
-1,-2.014457132,4.257281253
-1,0.130847211,6.752252812
-1,-0.078492758,7.34637375
-1,-0.374278643,4.852942657
-1,-1.15995208,6.928280345
-1,-1.239891135,8.112794021
-1,-0.830337522,6.864261231
-1,0.700709425,4.909065319
-1,2.047998278,5.401123199
-1,-1.604118879,4.545809061
-1,-1.094820254,6.326333387
-1,1.360638562,6.851867074
-1,-0.656048505,4.373175907
-1,-0.751604748,5.275692674
-1,-0.710472013,7.0949574
-1,-2.051435731,6.35918288
-1,0.199873375,3.76988377
-1,-1.105503907,5.04576019
-1,-0.662049133,5.493306089
-1,1.06110645,7.049522246
-1,-0.771163977,5.438959342
-1,-0.706509309,5.590000073
-1,0.393346454,7.472875295
-1,-1.927908306,6.261490053
-1,-0.722712794,7.908155094
-1,-0.235317038,6.772752386
-1,0.797168905,6.521054311
-1,-1.534979237,6.015987601
-1,0.457252681,6.549056852
-1,-2.317446924,6.343229907
-1,-1.448581315,8.54965765
-1,-0.163078239,6.10746094
-1,-0.41320156,6.768446183
-1,-0.682264363,4.19282238
-1,-0.238585835,5.520061241
-1,1.076674089,6.662728265
-1,-2.087634784,6.871715887
-1,-0.88068904,5.029636668
-1,-0.583650872,6.234393804
-1,-0.453497305,5.854889168
-1,-0.530566504,8.20467365
-1,-1.031030333,7.53982109
-1,-1.225984743,7.273117662
-1,3.976341977,6.691783783
-1,-0.914338088,3.400174901
-1,-1.719084976,5.35347499
-1,0.037221571,5.880286917
-1,-0.589538322,7.383174379
-1,0.107393435,6.623308291
-1,-0.554414146,6.184068625
-1,-1.020786876,7.6180615
-1,2.042986016,7.724830066
-1,0.153388901,6.275735795
-1,0.438593015,5.252431147
-1,-0.682526661,3.396278771
-1,0.56921388,5.799626815
-1,0.040696023,5.346023827
-1,0.708535081,6.202277145
-1,0.240386998,5.966121098
-1,1.368875674,4.837538872
-1,2.837994252,3.574278962
-1,1.025174279,6.677924539
-1,-1.691598882,6.399908452
-1,-1.493536402,4.840087786
-1,0.60970804,5.359980278
-1,-0.397594085,4.768987419
-1,-1.211640774,6.525459467
-1,0.378395016,6.205195677
-1,-2.004897542,7.432998391
-1,-0.216256176,6.819212576
-1,-3.017002309,8.070953772
-1,-1.478654885,4.505155666
-1,0.784629228,6.487520877
-1,-0.532947051,6.791211199
-1,0.412745685,4.976866185
-1,-1.255896204,6.720521487
-1,-0.786655728,8.267839439
-1,-1.346768986,7.849159301
-1,-0.010823442,5.44296985
-1,-0.654304313,5.139383138
-1,1.040651332,6.771741319
-1,0.698732038,6.348145544
-1,1.13689719,5.126605975
-1,-0.432929774,5.908607855
-1,-1.96902387,6.042250316
-1,-0.613648008,6.118577439
-1,-0.446778176,5.635158159
-1,0.832076257,8.819826762
-1,-0.022186948,8.025958668
-1,1.349927043,6.723288679
-1,1.265358878,8.034094353
-1,-0.860485234,7.778149447
-1,0.590700583,6.877215928
-1,-3.25947447,9.080744348
-1,-1.659511181,5.550355418
-1,-1.307296334,7.95800006
-1,-1.93098138,6.968277739
-1,0.731725304,6.998939207
-1,-0.826218456,6.270839949
-1,-0.766305311,7.691119681
-1,0.212051527,5.322137731
-1,-0.816668107,8.060553228
-1,-0.960035832,8.062236593
-1,-1.853498543,7.115099579
-1,-0.144270443,6.269242731
-1,-2.102111175,7.599978708
-1,-1.230708876,6.591915153
-1,1.459077466,7.990353624
-1,0.968789172,6.172043504
-1,-1.298110583,7.044524536
-1,-0.519005116,9.001297876
-1,-1.176328515,7.269768976
-1,-2.411797614,6.484658225
-1,0.59477632,7.160172099
-1,1.96444118,6.90447574
-1,-2.069495531,6.825953606
-1,1.347400685,8.090335759
-1,1.248507615,4.004817165
-1,0.19507479,7.519975188
-1,-0.578247455,6.481844466
-1,-2.307605027,4.761458549
-1,-2.947872563,9.767910233
-1,-1.35980401,5.280683399
-1,0.200121922,4.922261578
-1,-0.563451686,5.223531043
-1,-1.812378905,7.869781693
-1,-0.142079944,6.363082794
-1,1.005992599,6.64259016
-1,-0.138369587,7.083895616
-1,-0.769069302,5.315848975
-1,1.970494777,6.687967107
-1,0.365653214,7.275497192
-1,-1.502139057,6.959631573
-1,-0.179821054,5.264058709
-1,0.727236984,6.715563941
-1,-2.478259266,5.4665684
-1,1.634495129,7.120031514
-1,-3.109175595,4.76560992
-1,-1.335633569,4.989306908
-1,-0.476446912,6.191801513
-1,-0.893157994,7.833929267
-1,-1.296051778,5.127840559
-1,-0.755105575,7.220332627
-1,0.118742419,6.015807157
-1,0.249412096,5.061435513
-1,0.605778005,5.908231251
-1,-1.516251796,5.572249065
-1,-0.370811504,7.042798097
-1,-1.002201607,5.302228965
-1,1.08487744,6.820450071
-1,0.020550901,6.27113448
-1,-1.210746414,6.252650637
-1,0.074982786,7.046576939
-1,0.296385242,5.178363062
-1,-0.774772707,4.796284193
-1,-0.749319224,7.637482486
-1,-0.370918497,6.253789761
-1,0.876354388,6.541662733
-1,-1.833385031,5.565649481
-1,0.264222053,7.511769072
-1,0.727053484,6.129253889
-1,-0.613938537,3.476421698
-1,-0.640394064,7.45896541
-1,-1.216111268,7.814312703
-1,-1.472288714,6.002911832
-1,-2.897366358,6.784462021
-1,0.805213349,4.966102424
-1,0.32970027,6.686749985
-1,0.061754959,3.74541647
-1,0.624497698,5.867518485
-1,0.28248307,8.093141369
-1,0.884269903,4.629676405
-1,-0.537111155,5.142613663
-1,1.973396866,4.60984651
-1,1.031552383,6.884107715
-1,-0.100307898,5.660427851
-1,-2.022037515,5.36867301
-1,-0.498778063,6.79603545
-1,-0.033239712,3.229636932
-1,0.746806472,5.933588836
-1,-0.791599232,6.802596617
-1,-1.710184588,6.012668018
-1,-0.833732483,5.893560592
-1,-3.526015207,4.561272508
-1,-0.44970704,6.309059099
-1,-0.365207052,5.570976646
-1,-2.024497953,5.532568903
-1,0.258792024,7.37589784
-1,-0.265454928,8.629501099
-1,0.595807505,4.687050532
-1,0.260294219,6.521743489
-1,0.732850604,6.339750253
-1,-1.121908426,7.956777117
-1,-1.22428537,4.886879469
-1,0.305452013,6.997843739
-1,0.483006916,5.31074591
-1,-2.736897732,7.473255973
-1,-1.040737625,6.171599962
-1,0.930289534,6.477920688
-1,-0.684769038,5.951149506
-1,-0.14115747,6.324690767
-1,0.586467904,7.510683499
-1,0.824142408,7.688631304
-1,-1.152663317,4.423240898
-1,0.808720142,5.702702329
-1,0.463251272,7.765405462
-1,-2.035261859,6.341370172
-1,1.698752021,6.828779588
-1,0.54462027,6.966051878
-1,0.263741076,4.001145717
-1,-1.363485353,6.068215589
-1,0.441948032,6.566431839
-1,-1.09655346,6.49064139
-1,0.478340808,5.628874642
-1,0.370898197,5.29287674
-1,1.122843532,7.486253162
-1,0.318179664,5.436423817
-1,0.826754258,8.264197386
-1,-2.068203466,4.622763372
-1,1.425876253,4.382645129
-1,2.683058556,4.608436429
-1,1.627125603,4.575151252
-1,-1.389855461,5.20281319
-1,-0.47946447,4.651379422
-1,1.623125136,5.19636902
-1,1.225186279,5.571657093
-1,-0.56158493,6.878684508
-1,0.096628191,5.055850488
-1,0.863660389,5.564662279
-1,-0.214753964,5.248492234
-1,-2.418946533,6.672181771
-1,-1.003068755,7.503560046
-1,-2.36794338,4.389855021
-1,0.037901818,9.170860285
-1,0.442598575,5.272626295
-1,-2.092528593,6.767532905
-1,1.223429572,5.896402872
-1,-1.653193904,6.258381181
-1,-0.310193391,5.287375534
-1,-1.623319695,6.973067066
-1,-0.216474982,8.18189641
-1,-2.071018826,6.38177502
-1,-0.298261293,5.84306661
-1,-1.462758228,6.55777636
-1,0.235023672,5.189826479
-1,0.793263098,5.202027969
-1,-0.721176184,7.911018329
-1,-1.694987441,6.693208124
-1,-0.889468793,5.151528749
-1,-2.998483251,3.592540161
-1,1.392658596,7.143057301
-1,-1.078431087,4.983859253
-1,-1.490556751,5.176878767
-1,0.689110529,6.397877005
-1,-1.960696682,6.621973007
-1,0.290335956,7.738274289
-1,-0.147140763,6.048010546
-1,1.482460793,5.499128019
-1,-0.307503506,6.305904826
-1,-0.779188777,6.392658106
-1,-0.706710925,8.039682871
-1,-0.519123569,6.65509433
-1,-1.178009188,5.89327421
-1,-0.107669366,6.576327723
-1,0.572446261,6.59441459
-1,1.149300588,5.804350949
-1,-0.984976723,2.900768013
-1,2.454735222,8.707339293
-1,-0.232579005,7.323877653
-1,1.009833941,3.904206678
-1,-0.666963388,6.803601282
-1,-1.462498913,6.777825765
-1,-0.844184833,7.855268777
-1,2.819718502,6.802900461
-1,-1.417166786,6.310465396
-1,-2.727343526,5.859239609
-1,-1.975872729,5.874640192
-1,1.420865301,6.779441028
-1,-1.639824186,6.447330234
-1,-1.330073574,6.954483688
-1,-0.816741958,6.835205713
-1,-2.00025097,8.026472642
-1,1.120519009,4.854253202
-1,-1.000286647,7.087480044
-1,1.158693849,5.491606425
-1,-0.135426362,6.260974333
-1,0.125796214,5.993335508
-1,-2.444390848,6.997586461
-1,-1.94796623,5.79358777
-1,1.431585115,3.786523885
-1,-0.6295809,4.31066379
-1,-0.285079641,6.723335828
-1,-0.614843375,3.659815993
-1,-1.227119355,6.25937595
-1,-1.004550722,4.228901817
-1,-0.453483408,6.176811876
-1,-1.320806623,5.435302155
-1,-1.16116862,7.742572925
-1,0.001401399,4.538672802
-1,1.080426009,6.197727635
-1,-0.627618283,5.565668689
-1,-0.706394276,5.271012778
-1,1.038552509,5.010131863
-1,-0.087592534,4.510784638
-1,0.296458038,4.506277619
-1,0.541267327,6.356036174
-1,-0.227090186,3.012692614
-1,-0.541538357,5.487361341
-1,-0.108093764,5.388377467
-1,-2.188619546,3.960227477
-1,-2.184513432,6.732511101
-1,-1.895094465,5.844859988
-1,-0.971472764,5.584970932
-1,-0.996473464,5.977264373
-1,0.181902433,5.158977001
-1,0.789228507,6.856974796
-1,-2.338398626,7.40944175
-1,1.085376134,6.935228012
-1,0.21688511,5.18336019
-1,0.573348225,4.056613543
-1,-1.04283994,6.306309369
-1,-1.221585408,4.884307855
-1,-0.4499434,5.225248751
-1,1.354592241,6.401935243
-1,1.085610493,4.065039393
-1,1.021417556,6.268179277
-1,2.325936657,7.954077446
-1,-0.072644084,8.471169858
-1,-0.679919831,4.702306178
-1,1.861738128,5.246098735
-1,-0.211289607,5.788583076
-1,-2.298957552,6.446120678
-1,1.399711473,5.667331861
-1,0.068860704,5.664302153
-1,1.064996613,7.480310742
-1,0.15489326,4.509651044
-1,-0.724375495,5.374572938
-1,0.74449621,3.937238944
-1,-0.887605347,6.800378906
-1,1.140411259,4.694337258
-1,-0.606095018,7.476629107
-1,1.603601704,7.140166126
-1,-1.274971728,6.004322786
-1,-0.848431955,4.772902466
-1,-0.923439875,5.901171826
-1,0.525047835,6.804566365
-1,-0.026217585,6.209668936
-1,-1.152449913,7.330733351
-1,2.909339091,4.807410587
-1,0.121200501,5.890990142
-1,0.174542383,7.350842934
-1,-0.709760934,4.862860951
-1,1.246732718,6.843621377
-1,-1.698278502,5.597042036
-1,-1.01114274,5.253414856
-1,0.113754004,6.149893161
-1,1.089474827,4.299993743
-1,-0.130496192,6.150865811
-1,1.659164118,5.022491096
-1,0.83548759,6.583721261
-1,-0.419954413,5.422625691
-1,0.828160119,6.225887919
-1,1.276660187,4.826007644
-1,1.018160765,4.949847353
-1,0.472633801,6.016813568
-1,-1.516487828,6.67088083
-1,-0.375688687,4.176882212
-1,-2.852212929,7.131968159
-1,-0.011320885,3.908864455
-1,-0.730958782,4.999486846
-1,-1.008565596,5.631407839
-1,-1.034340676,5.419754307
-1,-1.362504408,5.468063755
-1,-2.081485727,6.078095757
-1,-2.126684703,7.889166009
-1,0.40490635,4.050327989
-1,0.146932534,4.245160962
-1,-1.556421048,7.009949186
-1,-2.325311216,6.893281825
-1,0.681211095,6.751398905
-1,-2.416531061,5.70782111
-1,-1.005818413,5.171179073
-1,1.36288043,6.137143937
-1,-0.506656725,6.011887453
-1,-0.662750972,6.835709792
-1,0.457146853,6.465638289
-1,-0.29186147,4.718390119
-1,-2.159674914,6.045744522
-1,-0.068564423,4.68261831
-1,-1.489559945,7.317325799
-1,-0.737316514,6.12010539
-1,-1.338189759,5.390345468
-1,-1.195228251,6.062480388
-1,-1.746633061,5.73333411
-1,-1.483135275,4.986824351
-1,-1.584425045,5.35793195
-1,0.51712399,4.42629389
-1,0.569479525,6.045408663
-1,-1.040981224,8.289606194
-1,-0.87011249,8.877933142
-1,0.131026936,3.222861851
-1,0.859029169,5.66100236
-1,-0.819521883,5.669068778
-1,-2.424828999,4.321830929
-1,-0.085257097,4.242801224
-1,-1.353494881,4.385404463
-1,1.593005582,3.54201562
-1,-1.426582166,5.890693283
-1,0.909706432,4.452007997
-1,0.503052906,6.520548486
-1,-2.185263875,5.619258154
-1,-0.658805802,5.591874942
-1,0.030540175,6.096931174
-1,-1.155154896,2.9194128
-1,-0.190920855,6.700619706
-1,0.861727967,7.046859828
-1,-0.477716749,4.421661724
-1,-2.155630355,4.108481808
-1,-0.29625804,6.898269057
-1,-0.671293237,4.874744918
-1,0.831176876,6.750161992
-1,-1.102113602,5.502190907
-1,-1.530614099,7.904845406
-1,-1.49315747,7.454832667
-1,0.771635823,5.523861619
-1,0.860374639,5.402387469
-1,-3.107322846,6.130430265
-1,-1.390191173,5.123832962
-1,0.375576856,4.920976935
-1,0.981480116,5.091563216
-1,0.288021838,8.472889313
-1,0.516139553,5.445200368
-1,-3.68314737,6.103235646
-1,-0.96479278,7.324721082
-1,0.151696977,6.545367069
-1,-3.437562846,5.460311077
-1,-0.709638189,7.658888353
-1,-0.937556106,6.239440409
-1,-0.212017349,4.432043934
-1,-0.535376021,5.807958078
-1,0.271588906,6.52513816
-1,-1.778620936,3.80796846
-1,-2.367946727,5.571253132
-1,0.617847254,5.458905944
-1,1.333056425,5.629131338
-1,-1.031432694,5.001555546
-1,-1.207152964,5.18228102
-1,-0.726679718,6.774640642
-1,-1.868608524,5.569811328
-1,-2.550930076,7.097009802
-1,-3.551703412,7.923270459
-1,-3.400293645,6.466314662
-1,0.066777684,4.399044265
-1,-0.418085474,4.49346815
-1,-1.113055041,6.242860691
-1,-2.608145005,3.78320372
-1,1.469238778,5.534834927
-1,1.339862647,5.208372022
-1,-3.205820976,6.246537087
-1,-1.983953407,5.179606378
-1,1.274525275,6.740893004
-1,-0.28665876,3.935762797
-1,-0.821208305,5.361473886
-1,-1.365588832,7.378220325
-1,0.836886975,7.022337522
-1,-0.884765759,6.082756445
-1,-0.274360264,8.913064376
-1,-0.666948763,5.132671795
-1,-0.022573986,7.577920333
-1,-0.820001005,6.55335898
-1,1.760282757,5.666503566
-1,-1.559328521,5.16373897
-1,-0.118449379,4.998442018
-1,-0.077648756,6.766450242
-1,0.261679525,7.125416887
-1,-0.546159135,6.518446025
-1,0.204206299,4.484583624
-1,0.34133689,4.845614894
-1,-1.951329614,4.866841191
-1,-0.48648606,5.638542352
-1,0.128167376,3.396548273
-1,-1.91089217,4.018415639
-1,0.299992425,3.65381653
-1,-0.593659024,6.376428646
-1,-2.179719741,5.595019902
-1,-0.297701827,6.536154542
-1,0.090113499,5.979056004
-1,1.548501459,4.164836137
-1,1.735931146,4.533115716
-1,-1.008646723,8.681972977
-1,0.756419686,4.752422392
-1,1.105127812,5.946302554
-1,-0.45275825,4.053960729
-1,-1.2864772,3.6138625
-1,-0.293869489,4.736784322
-1,-0.464258665,5.901089171
-1,0.323037711,5.969960475
-1,0.973642236,6.775305956
-1,0.765741133,5.728158867
-1,-2.816442866,5.949081387
-1,0.721770703,4.865513474
-1,0.762261916,4.976443015
-1,-1.950704172,5.506265443
-1,0.096233325,5.130614736
-1,-0.354664844,4.566119169
-1,2.116076503,6.456628907
-1,-0.412751833,5.186814233
-1,-2.278048196,4.958161735
-1,-1.244615705,5.592905218
-1,0.583902765,6.269861478
-1,0.21629703,4.069997231
-1,-0.340444458,4.988177097
-1,-1.817817247,8.342313813
-1,-0.139521844,5.227499059
-1,-0.060992388,5.36273059
-1,0.484094526,6.313772756
-1,-0.70466318,5.111687933
-1,1.069874488,4.54340101
-1,-0.447140337,5.933654611
-1,-1.773121476,4.339991137
-1,0.235037769,7.086238475
-1,-0.727802253,6.023836904
-1,0.374713345,4.862192436
-1,-0.741074909,8.309791447
-1,0.529611607,6.89927605
-1,0.47427231,4.961914965
-1,-2.580358123,6.92102476
-1,0.488181249,5.675322027
-1,1.087922792,6.794655928
-1,-0.059917088,6.846422912
-1,0.50094357,6.31553994
-1,0.738903618,5.764611997
-1,0.001798318,7.441932685
-1,-1.226556778,5.030570901
-1,0.406638683,6.657696795
-1,-1.067833946,6.990904803
-1,-0.488401784,6.43461186
-1,1.930735161,7.807320217
-1,0.368940891,7.457037573
-1,-1.156160142,5.982669536
-1,-0.503535048,7.471777499
-1,-1.096819615,6.448424538
-1,-1.560388482,5.021058023
-1,-1.265738683,4.83759155
-1,-3.016754054,3.962334595
-1,-0.091462825,5.981956492
-1,1.086015181,5.819615908
-1,-0.330445655,7.069262792
-1,-1.096738633,5.794970784
-1,-2.258473396,2.966781321
-1,0.343029678,5.083895521
-1,-1.795491407,6.152982241
-1,-1.096910928,6.409641355
-1,1.688237098,4.137203214
-1,-2.003058617,4.269791534
-1,-0.248371362,7.598829689
-1,-0.366799504,4.989413428
-1,0.412368681,6.473385147
-1,-1.93390646,6.46425935
-1,-1.505485561,6.196107715
-1,1.399756584,6.968635134
-1,-1.162857588,3.583172511
-1,-0.531893784,5.5932143
-1,-0.124341032,5.869952147
-1,0.393273403,6.220993237
-1,3.349533945,5.032362533
-1,-0.316059923,5.941345007
-1,-1.298486022,6.101971958
-1,-0.971081026,6.541250041
-1,-0.004126766,7.543308893
-1,-0.769877806,5.808229325
-1,1.572756446,8.702779305
-1,0.711453613,6.882511661
-1,-0.984109356,6.23468135
-1,-0.098485807,6.778165698
-1,-1.042766016,6.932617398
-1,-1.553855254,8.238645387
-1,-0.036038357,5.731135607
-1,1.263114391,6.104878266
-1,0.449325125,4.496845359
-1,0.73252806,6.379112019
-1,0.687317952,4.587346048
-1,-1.500144863,2.353331656
-1,0.283411155,6.896542036
-1,-1.485630928,6.160518969
-1,0.819276684,7.445604424
-1,-1.78660106,6.603921647
-1,-2.044806606,6.066215574
-1,-0.186081943,6.579658366
-1,0.838888809,5.817974452
-1,0.446823578,3.58508405
-1,-2.208486258,6.048633368
-1,-0.205459273,5.288424436
-1,0.367682078,6.276781787
-1,-3.101241891,6.025790935
-1,2.317637991,6.21363055
-1,-0.943668056,7.216509548
-1,-1.080074289,6.857007393
-1,0.997736279,4.672839132
-1,-0.902300089,4.718435812
-1,1.178812236,5.866791471
-1,-0.295609079,4.57502465
-1,-1.462143555,6.595157902
-1,-1.230041817,7.536428166
-1,1.03359911,4.957873025
-1,-0.876563354,4.355834099
-1,-0.662334642,3.353172506
-1,0.709410815,4.950429429
-1,-0.203068066,6.806713645
-1,-1.042264339,4.009577096
1,-1.725448237,3.189935524
1,-1.649308979,4.94023494
1,-1.850987755,4.416260053
1,-1.095462358,3.844482126
1,-1.163079869,3.933861735
1,-2.294348087,5.570913781
1,-1.647702302,4.918691702
1,-1.265430037,3.979268367
1,-1.586619328,3.71570175
1,-1.056361143,5.525572342
1,-3.414907842,4.703173763
1,-2.577010309,4.235914967
1,-1.460218336,3.442259331
1,-1.109847726,4.526026314
1,-2.156977425,3.509230737
1,-2.057114325,3.103647032
1,-2.582753077,4.478354822
1,-3.485524794,6.103484775
1,-2.605327754,2.68155185
1,-2.08219557,3.973113489
1,-3.199570929,5.507512251
1,-3.482554748,5.611701054
1,-1.61716016,5.039371317
1,-2.88147392,5.461348337
1,-3.863025631,6.260423106
1,-1.95211338,0.98257151
1,-2.954899392,4.968959256
1,-0.170249077,5.063507124
1,-1.004562291,4.363749467
1,-2.41833739,5.049150786
1,-0.710321183,4.121213569
1,-2.48048309,3.373570507
1,-1.457364124,3.065275378
1,-3.183613007,6.029911456
1,-2.884959104,4.854040744
1,-1.630626648,3.769752511
1,-2.222607727,1.782123145
1,-1.640804403,5.387855344
1,-0.222066938,4.065956164
1,-2.748229599,5.964724696
1,-1.7321622,3.349989711
1,-3.142936621,4.65667661
1,-0.907167487,4.154233029
1,-3.640940122,4.789826344
1,-2.811048762,3.423586022
1,-0.228878762,5.815073964
1,-2.893581986,2.586808114
1,-0.373207295,5.316184834
1,-2.569064382,2.949989575
1,-2.070191113,5.875501665
1,-1.412763377,5.996423424
1,-3.949391248,3.639211936
1,-2.604053589,4.470613494
1,-2.075508091,3.502574691
1,-1.650919585,4.155203642
1,-3.265623236,4.955037148
1,-1.416836458,4.185861035
1,-1.750759693,3.849976929
1,-1.711299556,4.89290047
1,-2.636225545,4.215517256
1,-3.72696144,2.590216463
1,-2.565588802,4.361387691
1,-2.040697436,4.629779141
1,-3.447933414,5.490498734
1,-1.624673896,3.240650985
1,-2.739528136,3.980581532
1,-1.596855873,2.855353232
1,-0.185646077,2.68941978
1,-1.153129633,4.221274867
1,-0.406332365,5.964547163
1,-3.428270866,2.707797685
1,-1.501955121,2.071445779
1,-2.958344412,3.51437513
1,-4.806071229,4.511576553
1,-1.738272986,3.118951572
1,-4.267330514,3.159786284
1,-2.768265258,3.678627545
1,-2.889894531,4.534616019
1,-2.43231887,4.968604189
1,-1.792232215,4.086244735
1,-1.354205451,5.166383926
1,-3.432484518,2.868622541
1,-3.823230218,2.67814059
1,-5.260178004,3.625785466
1,-3.043691686,4.607914016
1,-1.046918187,3.802744613
1,-4.657466779,2.610012889
1,-3.93106573,4.413689894
1,-1.550169109,3.806844179
1,-2.635456913,2.347722475
1,-2.159217693,3.467425704
1,-2.461731783,3.156473394
1,-0.068040067,3.881593584
1,-2.918553946,4.269675119
1,-1.902379881,4.172559711
1,-2.388655703,3.525604261
1,-2.389690926,3.975837899
1,-1.369863021,6.131787086
1,0.415439681,3.449400538
1,-0.320227882,1.353072003
1,0.817493856,4.126451677
1,-0.787917379,3.534045245
1,0.280744189,5.298884353
1,-0.029101643,3.958796733
1,-1.758235885,3.551673435
1,-3.080523747,3.389742051
1,-1.627527381,6.760839606
1,-0.745917569,3.937426955
1,-1.771189272,2.312857687
1,-3.567793465,4.067229165
1,-2.69967597,3.648948623
1,0.399247401,5.143846502
1,-3.951658728,3.041942837
1,-1.168479503,4.326362687
1,-2.440182579,2.727802494
1,-2.979601559,5.177120911
1,-1.206625966,6.187125691
1,-1.200175466,4.206350422
1,-0.303488214,4.378096201
1,-1.340789022,3.927079088
1,-2.272547135,3.400458372
1,-3.200215579,3.710393503
1,-1.709677454,4.159698728
1,-1.142358888,4.521525407
1,-2.188873768,2.979128913
1,-2.244743227,2.003524423
1,0.17237302,3.283155093
1,-0.284115558,5.388556747
1,-0.660520818,2.298404142
1,-4.024500959,4.926142283
1,-1.463441877,4.480213393
1,-0.661537488,5.464542774
1,-1.7315484,3.716928768
1,-3.276230709,5.82167937
1,-1.072422456,5.874652998
1,-0.752508276,3.761712578
1,-2.305794769,2.498426184
1,-3.125265066,3.322197881
1,-2.072594216,5.109375343
1,-3.483122855,2.794536704
1,-2.050546027,2.911064657
1,-2.684846404,3.89722758
1,-2.189421793,3.283071273
1,-4.343398323,4.09240718
1,-2.11055667,2.227482037
1,-1.461997454,3.903205798
1,-2.87503557,3.85954103
1,-1.424237271,2.521150745
1,-4.018687468,3.538829915
1,-1.599299867,3.800494596
1,-0.338362224,3.113676794
1,-1.53793284,2.467549348
1,-0.943054183,6.149117253
1,-4.645073786,3.943078045
1,-1.911842119,3.315136128
1,-0.929179732,3.392668732
1,-3.422912851,0.778724352
1,-0.450508523,4.63938195
1,-0.919729646,2.935336088
1,-2.785824763,4.793322296
1,-3.85236548,1.536698837
1,-1.666150638,2.432510955
1,-2.867844887,3.19057086
1,-1.118992732,2.417849028
1,-3.46323679,2.42310809
1,-3.374706721,2.150107466
1,-2.598835854,3.327714221
1,-1.662867144,2.454117348
1,-2.974314848,2.996410185
1,-2.025536087,1.461582578
1,-2.427815489,3.773015342
1,-3.518984013,2.277993044
1,-2.443621634,2.639429295
1,-1.288855274,2.997701231
1,-2.304663649,2.285791124
1,-1.583126723,4.522121453
1,-0.933590854,3.1828176
1,-3.351571213,2.414586634
1,0.68822781,2.794352476
1,-3.482127795,4.915684694
1,-1.305850456,3.212569864
1,-3.502421314,2.100550337
1,-3.560489567,3.115009458
1,-1.342243631,1.107015123
1,-3.232774325,3.006234474
1,-2.558706037,3.846994368
1,-0.193139877,3.67540837
1,-5.806488916,1.954333711
1,-2.239850583,3.763208806
1,0.182253971,2.152203524
1,-4.298907588,4.480691859
1,-2.452061453,1.046701436
1,-2.193570108,3.309058375
1,-3.970930702,2.237398585
1,-5.685279029,2.77892279
1,-3.038189025,1.899549679
1,-2.095019299,4.273238883
1,-1.886361279,2.527493052
1,-0.772267085,4.166549188
1,-1.831111877,4.729543871
1,-3.319578536,4.758631694
1,-1.578766824,5.153116072
1,-3.109900863,1.805709908
1,-2.159143914,2.738988551
1,-2.966118336,2.293749712
1,-2.609430521,4.743512254
1,-2.694906143,3.491808311
1,-2.434131311,3.594096634
1,-1.553038019,3.321661497
1,-4.100533552,3.565224179
1,-1.613276254,2.236742002
1,-1.158184241,3.224434913
1,0.381185564,3.215938923
1,-1.132741309,2.57498672
1,-1.366965153,4.34618647
1,-1.423902431,4.481676442
1,-0.794301304,3.258576617
1,-2.00940689,2.725662198
1,-3.494077246,2.826305863
1,-3.142184578,2.673238923
1,-3.681392118,2.198273723
1,-2.081161656,3.164266236
1,-1.995356433,4.548553843
1,-4.484545498,4.052984877
1,-0.84721476,3.20617517
1,0.386768734,2.846776042
1,-1.579004602,3.776220547
1,-1.4629621,5.064361612
1,-4.201721458,4.023584479
1,-1.722667948,2.526375756
1,-3.848366032,2.437081421
1,-1.876979659,4.521665105
1,-1.877628674,2.807848796
1,-0.482191645,1.751172822
1,-1.388216479,1.600120595
1,-1.813592535,4.772683606
1,-2.349802962,2.684816427
1,-1.154499623,2.60842382
1,-1.432460558,3.555518051
1,-1.392437989,4.350276722
1,-2.336382749,3.349587787
1,-0.864702743,6.073602126
1,-3.076852008,3.622001677
1,-1.106732452,2.434392518
1,-1.980211819,2.842669783
1,0.03574839,-1.071950828
1,-1.707111369,0.680858793
1,-0.259841327,1.928001875
1,-1.484630338,2.463212004
1,-1.613020722,3.83038132
1,-3.41693114,0.582932043
1,0.916339704,1.157545412
1,0.161274147,3.118558961
1,-3.247932182,3.043655597
1,-2.841732348,1.820337347
1,-1.215639059,1.485079847
1,-1.58862822,3.0774271
1,-3.269248409,4.709695058
1,-0.682830287,4.134674091
1,-1.839864562,0.419398311
1,-2.185337362,2.489942417
1,-2.636090794,2.51125748
1,-1.81782947,4.515473847
1,-1.012699431,1.891471038
1,-1.025734164,0.582379726
1,-0.99580684,2.079273836
1,-1.115128034,2.721904893
1,-2.321420034,1.697404223
1,-2.172097447,4.11217683
1,0.01265326,3.250692098
1,-1.401215122,3.204283421
1,-2.817380591,0.791283019
1,-1.328547223,3.574826987
1,-1.329610968,3.377755347
1,-2.471054613,4.127455759
1,0.351153685,2.057499078
1,-3.347589518,1.189490358
1,-4.978872603,2.539768466
1,-1.369502861,1.954298205
1,-3.743752895,2.271555131
1,-1.863795187,3.747753799
1,-2.552065707,3.458111314
1,-1.729172945,1.939600625
1,-1.215163065,2.423203259
1,-3.506210924,3.924933844
1,-1.193861754,2.39403249
1,-2.086289314,2.413141774
1,-1.403921924,3.359641996
1,0.156495898,2.672766568
1,-0.761354459,3.306333965
1,-1.918788475,2.149922657
1,-2.472317719,1.586044382
1,-2.511475468,2.103854786
1,-3.658482165,3.884434118
1,-1.118476284,2.901541593
1,-1.582958794,2.294476581
1,-2.931684139,1.659994305
1,-2.985697938,4.331356613
1,-1.146407085,2.339137427
1,-3.904917976,2.618153521
1,-3.488984948,2.701432386
1,-2.092162613,3.200543288
1,-0.654104588,3.484319313
1,-3.745590802,3.171352728
1,-3.635795438,2.547392214
1,-3.384199226,3.468205978
1,-3.624912351,2.464618301
1,-1.209628535,2.930093615
1,-2.396312775,4.831411352
1,-2.56214902,0.531729711
1,-2.445690916,1.839981123
1,-1.196175726,1.960472582
1,-2.444266283,2.020971297
1,-1.457478356,1.381411421
1,-0.466876263,4.222720163
1,-1.969162404,3.029696818
1,-3.008979256,1.962846436
1,-3.601002099,2.78653868
1,-0.490940911,1.142873007
1,-0.547867239,0.766859011
1,-2.775571775,2.578030108
1,1.670880156,-0.108862487
1,-1.430693519,2.881257387
1,0.811036807,1.943961834
1,-1.805063366,1.95805289
1,-2.112108632,2.590040676
1,-2.454581554,1.947823912
1,-1.927848061,1.817989978
1,-0.034256718,5.837766803
1,-0.785969387,2.691838599
1,-0.884071924,4.166008148
1,-1.216187375,2.016741491
1,-2.754471207,2.661435574
1,-1.965658303,1.729552168
1,-2.142179728,-0.967464075
1,-0.40050596,3.752894409
1,-0.96164149,2.992855152
1,-1.688033226,0.69942369
1,-3.067760554,3.139181936
1,-1.557479845,3.187796683
1,-0.169801897,1.73234992
1,-1.578978408,1.035321548
1,-0.039986094,1.926153927
1,0.177035581,1.399684406
1,0.773663778,3.641734947
1,-1.445362286,2.303092188
1,-4.08511929,4.008128017
1,-1.682773145,1.88703154
1,-0.551023659,3.219856007
1,-1.396011648,2.901189728
1,-1.425177616,0.655637486
1,-1.77677648,0.527511802
1,-1.149564559,3.565286752
1,0.624250169,3.598103067
1,-1.067637131,1.614799985
1,-0.337156198,2.249663958
1,-0.648636415,4.467921681
1,-0.012308017,1.806294022
1,-2.230047539,2.427196741
1,-2.387428976,1.391788828
1,-2.107359469,2.185185731
1,-1.478804188,0.931603136
1,-0.735206195,1.459541963
1,-2.222572803,0.897939462
1,-1.766218047,0.380061974
1,-1.664613665,0.445743462
1,-1.003645666,2.979155106
1,-0.39688508,0.907768917
1,-3.242905659,2.414312621
1,-2.204601624,2.024237911
1,-1.057257978,0.337058955
1,-1.571304019,0.71096787
1,-0.550662589,1.631246269
1,-2.070376941,1.996845531
1,-0.395100906,2.511601779
1,-0.62139974,3.632831213
1,-1.98189955,0.643155436
1,-1.788275113,3.483668261
1,-0.729383391,2.946565801
1,-1.379314926,2.468043531
1,-3.139644687,3.137420281
1,-1.763930632,2.054119977
1,-0.93891591,0.505710123
1,-2.626812493,1.364546333
1,-1.471883297,2.095175587
1,0.400406425,2.846913121
1,-0.472826978,0.975459479
1,-3.151404671,0.362831961
1,-0.126271743,1.519274374
1,-4.795418354,0.32880951
1,-3.852046502,-0.294025886
1,-1.604150748,2.080674603
1,0.401642865,-0.581501372
1,-3.086963552,3.594316076
1,-1.749239163,1.390616089
1,-1.43939993,1.716881088
1,-1.621764241,2.49084289
1,-2.133079688,0.853448582
1,-1.120545785,1.712733647
1,-4.242174036,3.44322616
1,-3.265162231,-0.440354052
1,-0.678975775,0.72928211
1,-1.257941185,1.465758251
1,-2.287297248,2.698327007
1,-0.785214434,0.373202165
1,-0.709050801,1.187022644
1,-2.152456145,1.719439024
1,-0.021616443,0.685195992
1,-1.198303871,1.555874042
1,-1.770430972,1.58006631
1,0.538352106,3.860426077
1,-2.955269883,2.992122027
1,-0.904224944,2.87132134
1,-1.228671026,1.453583391
1,0.112410289,2.266062802
1,-0.271240242,0.72238392
1,-4.343105538,3.495369456
1,-2.58039654,2.040480613
1,-4.120392841,0.465502162
1,-0.476615169,3.088860831
1,-2.892384364,3.016160917
1,-1.42207442,1.40193908
1,-2.258655877,4.046913818
1,-1.805853535,1.92824009
1,-2.158054704,2.174360852
1,-0.436955161,2.743333753
1,-2.6318655,2.009515592
1,-1.572900946,-1.037772963
1,-1.126776333,2.248734672
1,-3.437201376,0.924728665
1,-1.65771271,1.790291863
1,-2.08099038,0.835262326
1,-1.751097589,3.014217073
1,-2.724309452,3.285740386
1,-1.503793173,2.666159708
1,-1.703641756,3.196283651
1,-1.457780163,2.184451005
1,-1.209091934,1.784466731
1,-2.122263832,2.39881294
1,-2.144231839,1.391443075
1,-2.70375167,2.687191591
1,-1.964350668,3.089706588
1,-1.527672284,1.62125245
1,1.552887406,-1.112598038
1,-0.656076954,2.327181282
1,-0.65731605,0.198862399
1,-0.524366842,1.757091086
1,-1.2649977,1.955860789
1,-1.702898589,2.125095198
1,0.715648493,2.561500587
1,-1.468082337,2.06794648
1,-0.679062578,-0.968817476
1,-1.591596956,1.219254482
1,-0.064895185,2.425168786
1,-1.80655843,2.051718911
1,-0.85096086,0.406859544
1,-1.95016939,0.376784083
1,-1.516216435,-1.083604438
1,-1.85094701,0.778726171
1,-2.113501396,3.700810485
1,-2.864093112,-0.018693386
1,-2.929516195,1.748963987
1,0.284261605,0.857866617
1,-3.690762969,1.688250486
1,-0.099723375,3.469790681
1,-1.560934616,1.40076605
1,-3.740749962,3.604519297
1,-1.34089074,1.692168298
1,-3.394421656,2.105817402
1,-1.644475706,1.501877705
1,-2.480066905,0.053886179
1,-1.56732669,0.38045062
1,-0.007275298,1.073167805
1,0.20017038,2.911147894
1,-1.987224678,2.739826741
1,-0.218605292,2.878737869
1,0.540310139,1.060441864
1,-2.2316369,2.091800125
1,-2.353714808,1.637609239
1,0.539689099,0.828122138
1,-1.374139538,0.360325539
1,-2.5538521,0.082317119
1,-5.036913208,1.796717115
1,-1.193470162,2.32468461
1,-0.337690617,0.443701865
1,-3.281784011,1.816226577
1,-0.802033173,2.374494215
1,-3.631251748,2.365740656
1,-2.475905931,0.453577195
1,-2.46369571,1.197593374
1,-1.859034091,0.878100327
1,-0.809141493,1.996481733
1,-0.842879963,1.270641806
1,-1.67675651,2.065906156
1,-2.419650991,1.117260472
1,-2.658529556,-0.363639374
1,-1.782717445,3.406987817
1,-2.706539235,2.166800405
1,-1.433402358,1.588901796
1,-1.433499419,2.463442215
1,1.822641498,-0.54530261
1,-2.920168918,2.759473864
1,-4.012536665,2.310238051
1,-3.069200902,0.246821401
1,-1.851749403,3.705953714
1,0.383037332,1.522154198
1,-1.035962778,0.785834709
1,-2.311172721,2.981295984
1,-0.926548164,0.304617242
1,-0.546167503,1.844284125
1,-1.301217708,2.471526968
1,-1.123607581,1.196768571
1,-3.124320647,-0.991741908
1,-2.391287271,2.529027697
1,-4.57202812,2.974244999
1,-1.697630796,2.360273211
1,0.176574813,0.169234245
1,-1.974879124,1.435095764
1,-3.027250932,-0.588235271
1,0.451580017,2.531918872
1,-1.901620853,0.213802068
1,-1.272168593,2.907263115
1,-1.448636467,2.6839567
1,-2.781140502,2.800555667
1,-3.244323598,0.570332668
1,-2.004866401,2.231082908
1,-2.014041092,-0.016651952
1,-2.102795115,2.720861521
1,-1.209752809,1.978172077
1,-2.70614255,3.810343333
1,0.939834281,1.550579909
1,-3.245286644,1.618747483
1,-2.475944639,2.311334247
1,-2.697454474,0.087824628
1,-1.579801756,1.377975423
1,-2.629647206,1.828434906
1,-3.506294743,1.682328584
1,-1.008496401,2.059408434
1,-3.269630834,0.297842162
1,-0.393102637,0.897514838
1,-1.366827637,1.994662161
1,-2.400945232,1.341029274
1,-1.065169708,0.786769815
1,0.770390543,1.650736667
1,-1.824128994,-0.261819659
1,-1.99205504,0.650614456
1,-0.343491665,0.67874571
1,-0.869592841,-0.270484961
1,-1.30160508,1.61708871
1,-1.447479881,0.142407407
1,-0.761371775,1.290096552
1,-3.135848092,1.300440781
1,-2.555193205,1.33472131
1,-1.944759424,1.108869474
1,0.875975893,2.530900529
1,-1.716576808,0.868978095
1,0.234265444,0.863695604
1,-0.468467661,1.463351509
1,-2.606468624,2.341822983
1,-1.92047286,1.07691696
1,-1.881772914,1.704003225
1,0.447683815,-1.887197723
1,-4.719955614,1.287069172
1,-1.761224412,1.321278542
1,0.542547641,0.877607235
1,1.065139295,3.388067416
1,-0.537170126,0.548257158
1,-0.509740021,0.170727853
1,-0.238437788,-0.463837678
1,0.464414079,-1.616714871
1,0.27385533,1.335630805
1,-2.407612774,1.117998254
1,-1.758911094,1.932014129
1,0.228465233,1.070931103
1,0.531471014,0.383206352
1,-0.048513384,2.880183165
1,-1.422153,0.761166521
1,0.991964989,2.250412654
1,0.221140854,2.458279487
1,-3.234386968,2.696784504
1,-4.442573409,-0.357451245
1,-1.072083323,0.167351827
1,0.698509903,3.310336615
1,0.295295795,3.048290382
1,0.033318083,1.012505236
1,-0.763648859,0.992965579
1,0.269852062,0.815032254
1,-0.471846506,2.230194514
1,-0.692787216,2.268126991
1,-1.411448757,0.285314691
1,-1.55081987,1.288929197
1,-1.716326951,0.072929884
1,-2.103479055,2.997878764
1,-0.716755312,0.270348773
1,-1.936763438,0.955350624
1,0.135912051,0.418787931
1,0.732785993,1.053940505
1,-1.524272957,0.228131466
1,0.233833689,1.189330142
1,1.908371196,0.864588437
1,-1.817130833,-0.548855423
1,-2.663792693,0.138481191
1,-0.992387359,-0.459448165
1,-2.010571625,2.258291497
1,0.074573909,1.665843884
1,-3.225347318,1.386593067
1,-1.624763827,2.016999642
1,-1.847152598,1.831051923
1,-1.417080493,-0.067115584
1,-2.120694116,-0.4671243
1,-0.695296185,0.684551196
1,-1.663213916,-0.564044385
1,-3.456178529,-0.381909886
1,-3.181360662,-0.517778681
1,-3.821183054,2.752594883
1,-0.179933741,0.226718403
1,-0.971023765,3.879744618
1,0.202423198,3.471703094
1,-2.380927181,3.436479019
1,-0.712784895,1.44780468
1,-1.495880279,1.399527246
1,-0.174682318,4.963251413
1,-1.586072467,1.151982215
1,-0.529785902,2.068005415
1,-1.412610291,0.857365521
1,0.265403905,1.010163978
1,-2.70245655,0.464029436
1,-1.339784794,1.778935257
1,-0.754992943,2.341780782
1,-0.744200224,2.861448738
1,0.519063396,1.964259573
1,-0.009814727,2.222861804
1,-0.173640201,0.939112579
1,-1.393363927,-1.933714084
1,-2.069019392,2.053941425
1,-1.535388728,1.063856544
1,-1.744598412,-1.246612519
1,-0.799430491,1.596925431
1,-1.134699269,-0.707400395
1,-1.803750783,0.414419155
1,-3.289383603,2.418749646
1,0.062290228,2.567910997
1,0.919273225,-0.115074208
1,1.102184251,0.649329377
1,-1.234954107,1.57536444
1,-0.534877072,1.377680601
1,-0.221516166,0.766960948
1,-2.498462272,-1.381494512
1,-2.318489278,0.614359669
1,-0.698711374,0.676626441
1,-2.476329391,1.450044947
1,-2.207847283,0.762645577
1,-1.669596531,0.089798186
1,-1.998895605,0.823314258
1,-1.72022992,-0.27421318
1,-3.190576099,0.226616921
1,-2.110337809,1.612599444
1,-0.21105423,0.656098127
1,1.38461357,-0.946193977
1,-0.357452991,-0.547966229
1,-1.650463237,2.380811638
1,-0.639733262,3.315536305
1,-2.757355105,2.055529476
1,-1.491724834,0.469174811
1,1.834439609,1.016593305
1,-0.548181015,0.171188985
1,-0.392737747,0.22806913
1,-1.126343996,-1.656637614
1,0.013587339,-0.429474567
1,-1.205651351,2.263676288
1,-0.688811488,0.424350001
1,0.920178572,1.807977242
1,0.837274056,1.325422782
1,0.756824957,-0.313747369
1,-3.669830621,0.949198875
1,1.757313148,1.622771815
1,-2.623626497,-1.809829701
1,-0.844827009,0.963847051
1,0.964869905,0.857249834
1,-2.063556749,1.076711633
1,-3.501902393,-0.237123495
1,-1.310348307,1.635551307
1,-0.441802222,-1.198259706
1,0.220802558,-1.067631601
1,-0.609880954,-0.266222996
1,-0.225499189,0.583234287
1,-0.113082097,0.873729077
1,-0.016444503,1.148884548
1,-1.651857892,1.61520933
1,-1.025257588,-0.153198889
1,0.220629081,-0.934414638
1,1.033337467,1.64586454
1,-1.642897405,2.12943487
1,-1.374517451,2.643206972
1,0.974784198,1.455051824
1,0.230634432,3.281077079
1,-1.779829181,2.593149839
1,-0.946530345,0.6972353
1,-0.039218075,2.233761916
1,1.067955527,2.992244263
1,-1.046922407,-0.80569298
1,-0.463692668,2.763670636
1,-0.277348136,1.417938765
1,-0.814615123,1.474686724
1,-0.84314328,3.036041453
1,0.13006922,0.965647996
1,-1.362728945,-0.958792443
1,0.729745807,1.84323857
1,-1.090007718,1.777979342
1,0.895929261,-0.48473823
1,-1.944876276,0.27024631
1,0.545427247,-0.605754649
1,-3.755674115,-0.451111591
1,0.124221806,0.957234224
1,-0.333360695,1.515640615
1,-0.305414105,2.339337807
1,-0.591466705,-0.333231837
1,-0.33835553,1.168983435
1,-0.137936595,-0.533725433
1,-0.14096966,-0.147108967
1,-2.766670368,2.421162935
1,0.158221392,1.616894297
1,-0.649432477,0.451772576
1,-1.417494495,0.957660232
1,-1.019998745,1.57180868
1,-1.581629331,-1.303353929
1,-1.673571096,1.799176389
1,-0.97278622,1.399378089
1,-0.162104989,2.070671035
1,1.347304205,1.741687011
1,-0.372241084,0.515697975
1,-0.449508043,1.349197119
1,0.085542169,0.234745767
1,-2.428029838,-0.083356708
1,-2.058714454,2.149384964
1,-3.218932252,1.025942329
1,-1.886495447,1.521304366
1,-1.055354005,-0.09132139
1,-0.547484487,2.480103285
1,0.906985006,1.479204657
1,1.091674058,0.269066677
1,-0.5381761,0.217425695
1,-0.826114338,2.006575669
1,1.044175806,1.869917178
1,0.716624199,0.111180743
1,-0.153918554,-0.486525096
1,-2.273437713,0.768551472
1,-0.212008235,1.067006815
1,0.41968291,1.845188381
1,-0.059241243,1.795336138
1,0.415266295,0.034572231
1,-0.459091461,0.974329087
1,0.889586954,-1.275029645
1,-0.065799604,-0.963298226
1,3.306081344,2.357044141
1,-0.172913351,2.219266607
1,-0.784586155,0.735136709
1,-1.019400006,1.140649038
1,1.598054369,0.26204445
1,-0.318878774,0.576035527
1,0.316164478,0.560964836
1,0.117138825,-0.277721683
1,-2.035198559,1.304678735
1,1.186167647,0.402128098
1,-0.301636555,1.101025337
1,-2.811953891,-2.373661118
1,3.405767784,-0.62847037
1,-1.629844046,1.290939399
1,-0.813671722,-1.817429147
1,-0.550132499,0.144262185
1,0.019154425,0.40152252
1,-0.481083989,1.824556093
1,-1.501828374,1.723323512
1,0.613934608,-0.132389559
1,-1.192178388,0.154885238
1,-0.434034919,1.713707752
1,0.335657242,0.742096599
1,-1.185453148,0.393696137
1,-0.197569989,2.163108875
1,-0.261057939,0.901540261
1,-1.647241443,-0.020118007
1,-2.646807989,-0.332037853
1,-0.537423002,-0.310404066
1,-1.052164007,2.108585904
1,-0.114906779,2.245029755
1,-0.320626241,0.605937312
1,-1.566349529,2.831753518
1,-0.016989246,2.040285035
1,0.022320137,0.924715423
1,-1.170324249,-1.196820958
1,-1.868042309,0.338794889
1,-1.054067689,0.036726638
1,3.052205429,0.300332595
1,2.030374599,-1.142151523
1,0.567656643,2.702866332
1,0.395284078,1.411971461
1,-0.392618604,-1.56435126
1,1.49026353,-0.890321462
1,-0.845280592,-1.991602767
1,-0.269704251,-1.353745174
1,1.352682739,-2.326781396
1,1.035687819,0.711230023
1,-1.245537132,-1.150806929
1,1.267544285,-0.782233765
1,-1.253688388,0.639406353
1,0.152218727,1.937434281
1,0.956632502,-1.763870096
1,-2.870932512,0.316855439
1,0.701981335,1.887386316
1,-3.070612729,1.310814987
1,-0.163140649,-0.119634278
1,0.192981606,3.451051307
1,2.263837232,2.75263068
1,-0.270646415,0.027485803
1,-1.550140732,1.305552287
1,-0.196165256,-0.601712563
1,1.14834671,-1.168047747
1,0.562275345,-1.336115965
1,-0.899323131,0.403756312
1,-2.103423758,1.097452987
1,-1.505485561,0.84545587
1,0.044483295,2.538846456
1,0.337020065,-0.955516371
1,-0.8554136,1.438096951
1,-0.206913319,-0.251551646
1,0.852701414,2.039246465
1,1.244042651,0.158446819
1,0.368847141,-0.172650834
1,-2.446530561,-1.02690421
1,-0.208725487,-0.076521865
1,0.389580855,-0.25368563
1,-1.80883173,-0.796035165
1,2.105818567,-1.644116128
1,0.961055703,-0.378093064
1,-1.34385089,-1.511765149
1,-0.526563126,-1.384166972
1,-0.232526145,0.107601809
1,0.381577302,-0.313698292
1,2.174673427,0.287128878
1,-0.564913462,2.252003906
1,-1.119309891,-0.059275631
1,0.405184874,0.304497007
1,-2.488810569,-2.046170121
1,0.461089148,1.056729088
1,0.17524766,-0.905406705
1,-0.410241737,3.134220606
1,-1.433675643,-0.642179439
1,-0.197832578,-1.633552602
1,2.550773497,0.112470198
1,1.058750786,0.985356746
1,-0.721036922,-0.118175931
1,-1.263369923,-1.773830736
1,-0.652956951,2.821833477
1,1.381063339,1.559006778
1,-1.117283682,-0.666109336
1,0.449678337,1.327182399
1,-1.883780642,-2.055200166
1,-0.416255316,1.6931344
1,0.393029695,-1.111245147
1,-0.889461589,1.192890413
1,0.018986697,0.57733836
1,2.966026368,-0.264379923
1,-0.318302045,0.391328831
1,2.227061195,0.369215886
1,-0.269136926,0.269697503
1,0.255582563,-0.048975853
1,0.791321945,0.981866469
1,-1.046468169,-0.223228581
1,1.334634726,-1.426538656
1,2.016103681,-0.033807121
1,0.260062006,1.090525257
1,1.235748059,5.410194281
1,-0.137275802,-0.367708744
1,-0.184578057,1.730182412
1,1.370994578,-0.344821492
1,-1.331761596,1.534108014
1,0.045814945,-0.615282479
1,0.191326726,0.06282899
1,0.628125636,-0.374433112
1,-0.028047689,-1.201413615
1,-0.916018616,1.898230112
1,1.472354634,0.379058256
1,1.923227537,1.787592773
1,2.119015262,1.344704215
1,0.40640909,-1.002918652
1,3.019378928,-0.442895944
1,1.553206093,2.610051597
1,2.633701661,-0.972295529
1,1.32404879,0.07191441
1,-1.813985,0.077287705
1,0.786468663,2.756725298
1,2.537971304,0.143589987
1,0.887338902,-0.067214282
1,1.859101903,-1.113367325
1,0.942782135,-0.542046546
1,1.678010303,1.081591108
1,0.127142484,0.340338593
1,-0.069880393,-1.479124767
1,2.354967728,1.118203218
1,1.865431987,0.255817395
1,-1.588985469,0.325443179
1,1.292593952,-1.237189572
1,0.8703598,-1.232259674
1,0.977733143,1.378117449
1,-0.498282607,0.440495896
1,0.45144443,1.753988909
1,-0.034004529,0.595241108
1,1.621722331,-0.938208541
1,1.956431079,2.411173191
1,0.130093786,0.051558918
1,1.103827817,1.495482138
1,0.083293526,0.233614683
1,0.997759198,2.017558436
1,0.251148595,-3.666743869
1,2.2252895,0.826518881
1,1.126064672,-0.211517272
1,-0.789355763,1.860396442
1,-2.322708897,2.339535713
1,0.200191989,-0.069963226
1,0.420206852,1.383184426
1,0.2458378,-1.03496488
1,0.435927795,-1.133289843
1,0.53651067,-3.039682924
1,-0.875732512,-1.341305615
1,2.00907496,0.068910704
1,1.39797703,1.792845578
1,3.614407033,-1.000987832
1,0.508616176,1.167409791
1,0.909983428,0.069344392
1,0.930272654,-0.311238364
1,1.316057751,1.534195326
1,0.812395156,-0.332111958
1,0.34285742,-0.935661737
1,2.157747367,0.068699073
1,1.35072929,-0.972816779
1,0.021822284,-0.480450544
1,-0.335384066,0.648749919
1,-1.441620116,3.241006052
1,0.322207488,0.014716667
1,0.324745779,0.258737437
1,1.767783688,-0.497603396
1,1.541406527,1.339669398
1,1.845592342,-0.951916736
1,2.252860431,0.568895921
1,1.528479334,1.401418267
1,-0.326799709,-0.745209691
1,2.428391308,0.712184265
1,0.555559964,1.379250898
1,4.232850042,-1.312147069
1,-0.147030178,1.878912153
1,0.37097805,-1.77848764
1,1.29794309,0.822311122
1,0.603401095,-1.235883828
1,0.231455888,-1.795180142
1,0.812535072,1.688191405
1,2.423570695,-2.405381965
1,1.961291418,1.22146841
1,2.940270642,2.021460532
1,0.36032503,2.077244571
1,0.897220525,0.841179353
1,2.077678073,-1.041244977
1,0.992017449,0.60555285
1,1.580791577,-0.399958299
1,1.077676934,2.441579418
1,1.076654298,-2.057222882
1,2.068113536,-1.048421982
1,2.188072103,-1.426659583
1,-0.017840053,1.162032931
1,0.191690706,1.137550935
1,2.192071261,1.637390524
1,-1.560568489,-1.208999674
1,2.690230904,0.299546755
1,1.781331812,0.332988566
1,-0.140304028,-0.700038727
1,1.985736599,0.462360003
1,3.619124473,1.189641116
1,1.001218261,0.071440641
1,1.192231721,-0.286800623
1,3.923129989,-0.320457766
1,-0.014837964,0.099201343
1,0.688484943,2.602221502
1,1.38625488,-1.763835753
1,1.32913061,-0.895168487
1,-1.258109114,0.58198053
1,-0.017424345,-1.473639859
1,3.709044831,1.584649726
1,1.007090832,0.837537518
1,2.032689517,0.320263753
1,1.453912264,1.113361359
1,1.98867725,0.671403977
1,1.517342316,-0.568991309
1,1.055706452,-0.361279381
1,0.629682472,0.020942609
1,1.682955481,2.807633718
1,1.250591304,1.334005647
1,2.114402014,0.748142702
1,0.028184438,0.638012934
1,3.345837176,-0.062115378
1,-0.643097883,-0.005382273
1,1.431138226,1.232078357
